"學年度","設立別","學程別","群科別","畢業生人數","農_林_漁_牧業人數","礦業及土石採取業人數","製造業人數","電力及燃氣供應業人數","用水供應及污染整治業人數","營建工程業人數","批發及零售業人數","運輸及倉儲業人數","住宿及餐飲業人數","出版影音及資通訊業人數","金融及保險業人數","不動產業人數","專業_科學及技術服務業人數","支援服務業人數","公共行政及國防_強制性社會安全人數","教育業人數","醫療保健及社會工作服務業人數","藝術_娛樂及休閒服務業人數","其他服務業人數","就業率","農_林_漁_牧業比率","礦業及土石採取業比率","製造業比率","電力及燃氣供應業比率","用水供應及污染整治業比率","營建工程業比率","批發及零售業比率","運輸及倉儲業比率","住宿及餐飲業比率","出版影音及資通訊業比率","金融及保險業比率","不動產業比率","專業_科學及技術服務業比率","支援服務業比率","公共行政及國防_強制性社會安全比率","教育業比率","醫療保健及社會工作服務業比率","藝術_娛樂及休閒服務業比率","其他服務業比率"
109,國立,普通科,學術群,23214,6,0,16,3,0,13,12,1,41,0,1,1,4,10,109,4,0,11,33,1.14155251141552,0.0258464719565779,0,0.0689239252175411,0.012923235978289,0,0.0560006892392522,0.0516929439131559,0.00430774532609632,0.176617558369949,0,0.00430774532609632,0.00430774532609632,0.0172309813043853,0.0430774532609632,0.469544240544499,0.0172309813043853,0,0.0473851985870595,0.142155595761179
109,國立,專業群科,機械群,2983,18,0,84,8,2,12,11,3,17,2,1,0,25,10,60,0,0,9,20,9.45357023131076,0.603419376466644,0,2.81595709017767,0.268186389540731,0.0670465973851827,0.402279584311096,0.368756285618505,0.100569896077774,0.569896077774053,0.0670465973851827,0.0335232986925914,0,0.838082467314784,0.335232986925914,2.01139792155548,0,0,0.301709688233322,0.670465973851827
109,國立,專業群科,動力機械群,908,14,1,32,1,0,17,5,8,7,1,0,1,45,16,61,0,0,3,27,26.3215859030837,1.54185022026432,0.110132158590308,3.52422907488987,0.110132158590308,0,1.87224669603524,0.550660792951542,0.881057268722467,0.770925110132159,0.110132158590308,0,0.110132158590308,4.95594713656388,1.76211453744493,6.71806167400881,0,0,0.330396475770925,2.97356828193833
109,國立,專業群科,電機與電子群,3429,13,0,52,25,0,20,8,0,28,1,0,0,24,11,90,0,0,0,19,8.48643919510061,0.379119276757072,0,1.51647710702829,0.729075532225139,0,0.583260425780111,0.233304170312044,0,0.816564596092155,0.0291630212890055,0,0,0.699912510936133,0.320793234179061,2.6246719160105,0,0,0,0.554097404491105
109,國立,專業群科,化工群,712,2,0,2,0,0,1,0,0,0,1,0,0,2,2,6,0,0,4,7,3.79213483146067,0.280898876404494,0,0.280898876404494,0,0,0.140449438202247,0,0,0,0.140449438202247,0,0,0.280898876404494,0.280898876404494,0.842696629213483,0,0,0.561797752808989,0.98314606741573
109,國立,專業群科,土木與建築群,819,2,0,3,1,0,28,2,4,8,0,0,0,1,0,21,0,0,0,9,9.64590964590965,0.244200244200244,0,0.366300366300366,0.122100122100122,0,3.41880341880342,0.244200244200244,0.488400488400488,0.976800976800977,0,0,0,0.122100122100122,0,2.56410256410256,0,0,0,1.0989010989011
109,國立,專業群科,商業與管理群,4972,8,0,25,1,0,10,13,9,68,1,3,0,10,16,66,0,1,3,15,5.00804505229284,0.160901045856798,0,0.502815768302494,0.0201126307320998,0,0.201126307320998,0.261464199517297,0.181013676588898,1.36765888978278,0.0201126307320998,0.0603378921962993,0,0.201126307320998,0.321802091713596,1.32743362831858,0,0.0201126307320998,0.0603378921962993,0.301689460981496
109,國立,專業群科,外語群,850,1,0,0,0,0,1,2,1,1,0,1,0,0,0,8,1,1,0,1,2.11764705882353,0.117647058823529,0,0,0,0,0.117647058823529,0.235294117647059,0.117647058823529,0.117647058823529,0,0.117647058823529,0,0,0,0.941176470588235,0.117647058823529,0.117647058823529,0,0.117647058823529
109,國立,專業群科,設計群,1083,2,0,5,1,0,6,9,0,10,0,1,0,1,5,7,0,0,1,4,4.80147737765466,0.184672206832872,0,0.461680517082179,0.0923361034164358,0,0.554016620498615,0.831024930747923,0,0.923361034164358,0,0.0923361034164358,0,0.0923361034164358,0.461680517082179,0.646352723915051,0,0,0.0923361034164358,0.369344413665743
109,國立,專業群科,農業群,1175,34,2,18,1,0,11,8,1,30,1,0,0,3,9,44,0,1,7,16,15.8297872340426,2.8936170212766,0.170212765957447,1.53191489361702,0.0851063829787234,0,0.936170212765957,0.680851063829787,0.0851063829787234,2.5531914893617,0.0851063829787234,0,0,0.25531914893617,0.765957446808511,3.74468085106383,0,0.0851063829787234,0.595744680851064,1.36170212765957
109,國立,專業群科,食品群,952,4,0,17,0,0,2,10,3,45,1,0,0,1,19,32,0,1,1,7,15.0210084033613,0.420168067226891,0,1.78571428571429,0,0,0.210084033613445,1.05042016806723,0.315126050420168,4.72689075630252,0.105042016806723,0,0,0.105042016806723,1.99579831932773,3.36134453781513,0,0.105042016806723,0.105042016806723,0.735294117647059
109,國立,專業群科,家政群,906,4,1,7,0,1,1,11,0,40,0,1,0,1,0,16,2,1,10,12,11.9205298013245,0.441501103752759,0.11037527593819,0.772626931567329,0,0.11037527593819,0.11037527593819,1.21412803532009,0,4.41501103752759,0,0.11037527593819,0,0.11037527593819,0,1.76600441501104,0.22075055187638,0.11037527593819,1.1037527593819,1.32450331125828
109,國立,專業群科,餐旅群,1093,3,0,7,3,0,1,6,2,62,0,0,0,0,4,52,0,1,0,12,13.9981701738335,0.274473924977127,0,0.640439158279963,0.274473924977127,0,0.0914913083257091,0.548947849954254,0.182982616651418,5.67246111619396,0,0,0,0,0.365965233302836,4.75754803293687,0,0.0914913083257091,0,1.09789569990851
109,國立,專業群科,水產群,149,3,0,1,0,0,2,2,0,6,0,0,0,1,0,0,0,0,0,2,11.4093959731544,2.01342281879195,0,0.671140939597315,0,0,1.34228187919463,1.34228187919463,0,4.02684563758389,0,0,0,0.671140939597315,0,0,0,0,0,1.34228187919463
109,國立,專業群科,海事群,249,4,0,10,1,0,6,3,27,3,0,0,0,1,0,21,0,0,1,5,32.9317269076305,1.60642570281124,0,4.01606425702811,0.401606425702811,0,2.40963855421687,1.20481927710843,10.8433734939759,1.20481927710843,0,0,0,0.401606425702811,0,8.43373493975904,0,0,0.401606425702811,2.00803212851406
109,國立,專業群科,藝術群,131,0,0,0,0,0,0,0,0,0,0,0,0,0,0,0,0,0,7,0,5.34351145038168,0,0,0,0,0,0,0,0,0,0,0,0,0,0,0,0,0,5.34351145038168,0
109,國立,專業群科,綜合,567,16,0,53,9,3,20,30,5,86,3,0,0,8,25,6,0,3,6,69,60.3174603174603,2.82186948853616,0,9.34744268077601,1.58730158730159,0.529100529100529,3.52733686067019,5.29100529100529,0.881834215167548,15.1675485008818,0.529100529100529,0,0,1.41093474426808,4.40917107583774,1.05820105820106,0,0.529100529100529,1.05820105820106,12.1693121693122
109,國立,綜合高中,學術群,2912,2,0,4,0,0,2,1,0,8,0,1,0,0,1,12,0,0,3,4,1.30494505494506,0.0686813186813187,0,0.137362637362637,0,0,0.0686813186813187,0.0343406593406593,0,0.274725274725275,0,0.0343406593406593,0,0,0.0343406593406593,0.412087912087912,0,0,0.103021978021978,0.137362637362637
109,國立,綜合高中,機械群,93,2,0,0,0,0,0,0,0,0,0,0,0,0,0,0,0,0,0,1,3.2258064516129,2.1505376344086,0,0,0,0,0,0,0,0,0,0,0,0,0,0,0,0,0,1.0752688172043
109,國立,綜合高中,動力機械群,8,0,0,0,0,0,0,0,0,0,0,0,0,0,0,0,0,0,0,0,0,0,0,0,0,0,0,0,0,0,0,0,0,0,0,0,0,0,0,0
109,國立,綜合高中,電機與電子群,107,1,0,0,0,0,0,1,0,3,0,0,0,0,2,0,0,0,0,1,7.47663551401869,0.934579439252336,0,0,0,0,0,0.934579439252336,0,2.80373831775701,0,0,0,0,1.86915887850467,0,0,0,0,0.934579439252336
109,國立,綜合高中,化工群,42,0,0,0,0,0,0,0,0,0,0,0,0,0,0,0,0,0,0,0,0,0,0,0,0,0,0,0,0,0,0,0,0,0,0,0,0,0,0,0
109,國立,綜合高中,土木與建築群,53,0,0,0,0,0,0,0,0,0,0,0,0,0,1,0,0,0,0,0,1.88679245283019,0,0,0,0,0,0,0,0,0,0,0,0,0,1.88679245283019,0,0,0,0,0
109,國立,綜合高中,商業與管理群,356,2,0,0,1,0,1,1,0,2,0,0,0,0,0,8,0,0,0,1,4.49438202247191,0.561797752808989,0,0,0.280898876404494,0,0.280898876404494,0.280898876404494,0,0.561797752808989,0,0,0,0,0,2.24719101123596,0,0,0,0.280898876404494
109,國立,綜合高中,外語群,113,0,0,0,0,0,0,0,0,1,0,0,0,0,0,0,0,0,0,0,0.884955752212389,0,0,0,0,0,0,0,0,0.884955752212389,0,0,0,0,0,0,0,0,0,0
109,國立,綜合高中,設計群,38,0,0,0,0,0,0,0,0,0,0,0,0,0,0,1,0,0,1,0,5.26315789473684,0,0,0,0,0,0,0,0,0,0,0,0,0,0,2.63157894736842,0,0,2.63157894736842,0
109,國立,綜合高中,農業群,51,0,0,0,0,0,0,0,0,0,0,0,0,0,0,3,0,0,0,1,7.84313725490196,0,0,0,0,0,0,0,0,0,0,0,0,0,0,5.88235294117647,0,0,0,1.96078431372549
109,國立,綜合高中,食品群,94,0,0,0,0,0,0,0,0,1,0,0,0,0,0,0,0,0,0,0,1.06382978723404,0,0,0,0,0,0,0,0,1.06382978723404,0,0,0,0,0,0,0,0,0,0
109,國立,綜合高中,家政群,4,0,0,0,0,0,0,0,0,0,0,0,0,0,0,0,0,0,1,0,25,0,0,0,0,0,0,0,0,0,0,0,0,0,0,0,0,0,25,0
109,國立,綜合高中,餐旅群,210,0,0,4,0,0,0,2,0,8,0,0,0,0,0,11,1,0,0,2,13.3333333333333,0,0,1.9047619047619,0,0,0,0.952380952380952,0,3.80952380952381,0,0,0,0,0,5.23809523809524,0.476190476190476,0,0,0.952380952380952
109,國立,綜合高中,水產群,27,0,0,0,0,0,2,0,0,0,0,0,0,0,0,1,0,0,0,0,11.1111111111111,0,0,0,0,0,7.40740740740741,0,0,0,0,0,0,0,0,3.7037037037037,0,0,0,0
109,國立,綜合高中,綜合,91,0,0,0,0,0,0,1,0,3,0,0,0,0,0,5,0,0,0,1,10.989010989011,0,0,0,0,0,0,1.0989010989011,0,3.2967032967033,0,0,0,0,0,5.49450549450549,0,0,0,1.0989010989011
109,國立,實用技能學程,機械群,273,8,0,14,1,0,2,12,1,5,0,0,0,2,0,8,0,0,3,5,22.3443223443223,2.93040293040293,0,5.12820512820513,0.366300366300366,0,0.732600732600733,4.3956043956044,0.366300366300366,1.83150183150183,0,0,0,0.732600732600733,0,2.93040293040293,0,0,1.0989010989011,1.83150183150183
109,國立,實用技能學程,動力機械群,50,0,0,2,0,0,1,0,1,0,0,0,0,0,0,2,0,0,0,3,18,0,0,4,0,0,2,0,2,0,0,0,0,0,0,4,0,0,0,6
109,國立,實用技能學程,電機與電子群,287,14,0,11,18,0,10,1,2,7,0,0,0,10,0,21,0,1,0,2,33.7979094076655,4.8780487804878,0,3.83275261324042,6.27177700348432,0,3.48432055749129,0.348432055749129,0.696864111498258,2.4390243902439,0,0,0,3.48432055749129,0,7.31707317073171,0,0.348432055749129,0,0.696864111498258
109,國立,實用技能學程,土木與建築群,109,0,0,5,1,0,10,2,0,2,0,0,0,0,0,0,0,0,0,2,20.1834862385321,0,0,4.58715596330275,0.917431192660551,0,9.1743119266055,1.8348623853211,0,1.8348623853211,0,0,0,0,0,0,0,0,0,1.8348623853211
109,國立,實用技能學程,商業與管理群,262,4,5,3,4,1,1,14,3,12,1,0,1,0,2,4,0,0,2,1,22.1374045801527,1.52671755725191,1.90839694656489,1.14503816793893,1.52671755725191,0.381679389312977,0.381679389312977,5.34351145038168,1.14503816793893,4.58015267175572,0.381679389312977,0,0.381679389312977,0,0.763358778625954,1.52671755725191,0,0,0.763358778625954,0.381679389312977
109,國立,實用技能學程,設計群,119,0,0,1,0,0,6,0,0,4,0,0,0,0,2,2,0,0,3,0,15.1260504201681,0,0,0.840336134453782,0,0,5.04201680672269,0,0,3.36134453781513,0,0,0,0,1.68067226890756,1.68067226890756,0,0,2.52100840336134,0
109,國立,實用技能學程,農業群,115,8,0,1,1,0,2,1,1,3,0,0,0,1,1,2,0,0,1,1,20,6.95652173913043,0,0.869565217391304,0.869565217391304,0,1.73913043478261,0.869565217391304,0.869565217391304,2.60869565217391,0,0,0,0.869565217391304,0.869565217391304,1.73913043478261,0,0,0.869565217391304,0.869565217391304
109,國立,實用技能學程,食品群,191,5,0,14,0,0,3,5,0,18,0,0,0,1,2,13,0,0,0,0,31.9371727748691,2.61780104712042,0,7.32984293193717,0,0,1.57068062827225,2.61780104712042,0,9.42408376963351,0,0,0,0.523560209424084,1.04712041884817,6.80628272251309,0,0,0,0
109,國立,實用技能學程,餐旅群,333,4,0,9,0,0,1,7,0,34,0,0,0,1,6,10,0,0,4,16,27.6276276276276,1.2012012012012,0,2.7027027027027,0,0,0.3003003003003,2.1021021021021,0,10.2102102102102,0,0,0,0.3003003003003,1.8018018018018,3.003003003003,0,0,1.2012012012012,4.8048048048048
109,國立,實用技能學程,水產群,15,0,0,0,0,0,0,0,0,0,0,0,0,1,0,0,0,0,0,0,6.66666666666667,0,0,0,0,0,0,0,0,0,0,0,0,6.66666666666667,0,0,0,0,0,0
109,國立,實用技能學程,海事群,12,1,0,1,0,0,0,1,0,1,0,0,0,0,0,1,0,0,0,1,50,8.33333333333333,0,8.33333333333333,0,0,0,8.33333333333333,0,8.33333333333333,0,0,0,0,0,8.33333333333333,0,0,0,8.33333333333333
109,國立,實用技能學程,美容造型群,133,0,0,1,0,0,0,1,0,5,0,0,0,0,2,1,0,1,17,1,21.8045112781955,0,0,0.75187969924812,0,0,0,0.75187969924812,0,3.7593984962406,0,0,0,0,1.50375939849624,0.75187969924812,0,0.75187969924812,12.781954887218,0.75187969924812
109,國立,進修部,學術群,87,1,0,1,0,0,3,3,0,7,0,0,0,0,0,9,0,3,0,3,34.4827586206897,1.14942528735632,0,1.14942528735632,0,0,3.44827586206897,3.44827586206897,0,8.04597701149425,0,0,0,0,0,10.3448275862069,0,3.44827586206897,0,3.44827586206897
109,國立,進修部,機械群,218,2,0,56,0,1,5,3,1,20,0,0,0,6,7,4,1,0,1,7,52.2935779816514,0.917431192660551,0,25.6880733944954,0,0.458715596330275,2.29357798165138,1.37614678899083,0.458715596330275,9.1743119266055,0,0,0,2.75229357798165,3.21100917431193,1.8348623853211,0.458715596330275,0,0.458715596330275,3.21100917431193
109,國立,進修部,動力機械群,73,5,0,8,1,1,5,1,0,5,1,0,0,5,2,4,0,0,0,7,61.6438356164384,6.84931506849315,0,10.958904109589,1.36986301369863,1.36986301369863,6.84931506849315,1.36986301369863,0,6.84931506849315,1.36986301369863,0,0,6.84931506849315,2.73972602739726,5.47945205479452,0,0,0,9.58904109589041
109,國立,進修部,電機與電子群,273,1,0,35,11,1,12,14,3,8,1,0,0,12,9,2,0,4,1,18,48.3516483516484,0.366300366300366,0,12.8205128205128,4.02930402930403,0.366300366300366,4.3956043956044,5.12820512820513,1.0989010989011,2.93040293040293,0.366300366300366,0,0,4.3956043956044,3.2967032967033,0.732600732600733,0,1.46520146520147,0.366300366300366,6.59340659340659
109,國立,進修部,化工群,10,0,0,0,0,0,0,2,0,0,0,0,0,0,0,0,0,0,0,1,30,0,0,0,0,0,0,20,0,0,0,0,0,0,0,0,0,0,0,10
109,國立,進修部,土木與建築群,17,0,0,0,0,0,2,0,0,0,0,0,0,1,1,1,0,0,0,0,29.4117647058824,0,0,0,0,0,11.7647058823529,0,0,0,0,0,0,5.88235294117647,5.88235294117647,5.88235294117647,0,0,0,0
109,國立,進修部,商業與管理群,629,15,0,50,2,1,15,48,14,79,0,7,2,11,12,8,2,19,32,40,56.7567567567568,2.38473767885533,0,7.94912559618442,0.317965023847377,0.158982511923688,2.38473767885533,7.63116057233704,2.22575516693164,12.5596184419714,0,1.11287758346582,0.317965023847377,1.74880763116057,1.90779014308426,1.27186009538951,0.317965023847377,3.02066772655008,5.08744038155803,6.35930047694754
109,國立,進修部,設計群,93,5,0,11,1,0,2,4,0,8,0,0,1,0,2,2,0,0,4,9,52.6881720430108,5.37634408602151,0,11.8279569892473,1.0752688172043,0,2.1505376344086,4.3010752688172,0,8.60215053763441,0,0,1.0752688172043,0,2.1505376344086,2.1505376344086,0,0,4.3010752688172,9.67741935483871
109,國立,進修部,農業群,38,0,0,1,0,0,1,1,0,2,0,0,0,4,1,0,0,0,3,0,34.2105263157895,0,0,2.63157894736842,0,0,2.63157894736842,2.63157894736842,0,5.26315789473684,0,0,0,10.5263157894737,2.63157894736842,0,0,0,7.89473684210526,0
109,國立,進修部,食品群,120,8,0,10,0,0,3,10,2,7,0,0,1,0,3,9,1,1,0,7,51.6666666666667,6.66666666666667,0,8.33333333333333,0,0,2.5,8.33333333333333,1.66666666666667,5.83333333333333,0,0,0.833333333333333,0,2.5,7.5,0.833333333333333,0.833333333333333,0,5.83333333333333
109,國立,進修部,家政群,119,7,1,6,0,0,3,6,3,23,0,0,0,1,3,3,0,7,6,8,64.7058823529412,5.88235294117647,0.840336134453782,5.04201680672269,0,0,2.52100840336134,5.04201680672269,2.52100840336134,19.327731092437,0,0,0,0.840336134453782,2.52100840336134,2.52100840336134,0,5.88235294117647,5.04201680672269,6.72268907563025
109,國立,進修部,餐旅群,125,1,0,9,0,1,2,4,0,28,0,1,0,5,7,2,0,2,0,5,53.6,0.8,0,7.2,0,0.8,1.6,3.2,0,22.4,0,0.8,0,4,5.6,1.6,0,1.6,0,4
109,縣市立,普通科,學術群,45068,6,0,26,4,1,18,12,9,80,0,7,2,2,20,130,0,6,38,43,0.896423182746073,0.0133132155853377,0,0.0576906008697968,0.00887547705689181,0.00221886926422295,0.0399396467560131,0.0266264311706754,0.0199698233780066,0.177509541137836,0,0.0155320848495607,0.0044377385284459,0.0044377385284459,0.044377385284459,0.288453004348984,0,0.0133132155853377,0.0843170320404722,0.0954113783615869
109,縣市立,專業群科,機械群,2146,0,0,45,13,2,2,4,4,6,0,0,0,7,12,16,0,2,0,12,5.82479030754893,0,0,2.09692451071761,0.605778191985089,0.0931966449207828,0.0931966449207828,0.186393289841566,0.186393289841566,0.279589934762349,0,0,0,0.32618825722274,0.559179869524697,0.745573159366263,0,0.0931966449207828,0,0.559179869524697
109,縣市立,專業群科,動力機械群,741,1,0,16,0,0,1,3,2,0,1,1,0,6,0,1,0,0,0,0,4.31848852901484,0.134952766531714,0,2.15924426450742,0,0,0.134952766531714,0.404858299595142,0.269905533063428,0,0.134952766531714,0.134952766531714,0,0.809716599190283,0,0.134952766531714,0,0,0,0
109,縣市立,專業群科,電機與電子群,3390,0,0,29,7,0,0,7,3,7,0,0,0,5,7,7,0,0,0,2,2.18289085545723,0,0,0.855457227138643,0.206489675516224,0,0,0.206489675516224,0.0884955752212389,0.206489675516224,0,0,0,0.147492625368732,0.206489675516224,0.206489675516224,0,0,0,0.0589970501474926
109,縣市立,專業群科,化工群,482,0,0,0,0,0,0,0,0,0,0,0,0,0,0,5,0,0,0,3,1.6597510373444,0,0,0,0,0,0,0,0,0,0,0,0,0,0,1.03734439834025,0,0,0,0.622406639004149
109,縣市立,專業群科,土木與建築群,548,1,0,1,0,0,9,1,0,1,0,0,0,1,1,3,0,0,0,0,3.28467153284672,0.182481751824818,0,0.182481751824818,0,0,1.64233576642336,0.182481751824818,0,0.182481751824818,0,0,0,0.182481751824818,0.182481751824818,0.547445255474453,0,0,0,0
109,縣市立,專業群科,商業與管理群,3409,2,0,2,0,0,0,6,1,14,0,3,5,0,0,11,0,1,1,2,1.40803754766794,0.0586682311528307,0,0.0586682311528307,0,0,0,0.176004693458492,0.0293341155764154,0.410677618069815,0,0.0880023467292461,0.146670577882077,0,0,0.322675271340569,0,0.0293341155764154,0.0293341155764154,0.0586682311528307
109,縣市立,專業群科,外語群,571,0,0,0,0,0,0,0,0,0,0,1,0,0,1,0,0,0,0,0,0.350262697022767,0,0,0,0,0,0,0,0,0,0,0.175131348511384,0,0,0.175131348511384,0,0,0,0,0
109,縣市立,專業群科,設計群,1229,0,0,1,0,0,0,0,0,11,0,0,0,0,2,0,0,1,6,3,1.95280716029292,0,0,0.081366965012205,0,0,0,0,0,0.895036615134255,0,0,0,0,0.16273393002441,0,0,0.081366965012205,0.48820179007323,0.244100895036615
109,縣市立,專業群科,農業群,290,0,0,2,0,0,1,0,0,1,0,0,0,0,0,2,1,0,1,10,6.20689655172414,0,0,0.689655172413793,0,0,0.344827586206897,0,0,0.344827586206897,0,0,0,0,0,0.689655172413793,0.344827586206897,0,0.344827586206897,3.44827586206897
109,縣市立,專業群科,食品群,127,0,0,0,0,0,0,0,0,12,0,0,0,0,0,0,0,0,0,0,9.44881889763779,0,0,0,0,0,0,0,0,9.44881889763779,0,0,0,0,0,0,0,0,0,0
109,縣市立,專業群科,家政群,412,0,0,0,0,0,0,2,0,1,0,0,0,0,0,3,0,0,0,0,1.45631067961165,0,0,0,0,0,0,0.485436893203883,0,0.242718446601942,0,0,0,0,0,0.728155339805825,0,0,0,0
109,縣市立,專業群科,餐旅群,240,0,0,0,0,0,0,0,0,2,0,0,0,0,2,1,0,0,0,0,2.08333333333333,0,0,0,0,0,0,0,0,0.833333333333333,0,0,0,0,0.833333333333333,0.416666666666667,0,0,0,0
109,縣市立,專業群科,藝術群,116,0,0,0,0,0,0,0,0,0,0,0,0,0,0,0,0,0,0,0,0,0,0,0,0,0,0,0,0,0,0,0,0,0,0,0,0,0,0,0
109,縣市立,專業群科,綜合,472,2,0,19,1,2,2,26,5,56,2,0,0,8,68,1,0,10,2,44,52.5423728813559,0.423728813559322,0,4.02542372881356,0.211864406779661,0.423728813559322,0.423728813559322,5.50847457627119,1.0593220338983,11.864406779661,0.423728813559322,0,0,1.69491525423729,14.406779661017,0.211864406779661,0,2.11864406779661,0.423728813559322,9.32203389830508
109,縣市立,綜合高中,學術群,1868,0,0,0,0,0,0,0,0,7,0,0,0,2,2,8,0,0,3,3,1.33832976445396,0,0,0,0,0,0,0,0,0.374732334047109,0,0,0,0.107066381156317,0.107066381156317,0.428265524625268,0,0,0.160599571734475,0.160599571734475
109,縣市立,綜合高中,機械群,18,0,0,0,0,0,0,0,0,0,0,0,0,0,0,0,0,0,0,0,0,0,0,0,0,0,0,0,0,0,0,0,0,0,0,0,0,0,0,0
109,縣市立,綜合高中,電機與電子群,118,0,0,0,0,0,0,0,0,0,0,0,0,0,0,0,0,0,0,0,0,0,0,0,0,0,0,0,0,0,0,0,0,0,0,0,0,0,0,0
109,縣市立,綜合高中,土木與建築群,47,0,0,0,0,0,0,0,0,0,0,0,0,0,0,0,0,0,0,0,0,0,0,0,0,0,0,0,0,0,0,0,0,0,0,0,0,0,0,0
109,縣市立,綜合高中,商業與管理群,124,0,0,0,0,0,0,0,0,2,0,0,0,0,1,2,0,0,1,0,4.83870967741936,0,0,0,0,0,0,0,0,1.61290322580645,0,0,0,0,0.806451612903226,1.61290322580645,0,0,0.806451612903226,0
109,縣市立,綜合高中,外語群,11,0,0,0,0,0,0,0,0,0,0,0,0,0,0,0,0,0,0,0,0,0,0,0,0,0,0,0,0,0,0,0,0,0,0,0,0,0,0,0
109,縣市立,綜合高中,設計群,117,0,0,0,0,0,0,0,0,0,0,0,0,0,0,0,0,0,0,1,0.854700854700855,0,0,0,0,0,0,0,0,0,0,0,0,0,0,0,0,0,0,0.854700854700855
109,縣市立,綜合高中,農業群,13,0,0,0,0,0,0,0,0,0,0,0,0,0,0,0,0,0,0,0,0,0,0,0,0,0,0,0,0,0,0,0,0,0,0,0,0,0,0,0
109,縣市立,綜合高中,餐旅群,99,0,0,0,1,0,2,3,0,4,0,0,0,0,2,1,0,0,0,1,14.1414141414141,0,0,0,1.01010101010101,0,2.02020202020202,3.03030303030303,0,4.04040404040404,0,0,0,0,2.02020202020202,1.01010101010101,0,0,0,1.01010101010101
109,縣市立,綜合高中,藝術群,4,0,0,0,0,0,0,0,0,0,0,0,0,0,0,0,0,0,0,0,0,0,0,0,0,0,0,0,0,0,0,0,0,0,0,0,0,0,0,0
109,縣市立,綜合高中,綜合,3,0,0,0,0,0,0,0,0,0,0,0,0,0,1,2,0,0,0,0,100,0,0,0,0,0,0,0,0,0,0,0,0,0,33.3333333333333,66.6666666666667,0,0,0,0
109,縣市立,實用技能學程,機械群,106,0,0,10,0,0,0,1,0,3,0,0,0,4,0,1,0,0,1,1,19.811320754717,0,0,9.43396226415094,0,0,0,0.943396226415094,0,2.83018867924528,0,0,0,3.77358490566038,0,0.943396226415094,0,0,0.943396226415094,0.943396226415094
109,縣市立,實用技能學程,動力機械群,36,0,0,1,0,0,0,0,0,2,0,0,0,14,0,0,0,0,0,0,47.2222222222222,0,0,2.77777777777778,0,0,0,0,0,5.55555555555556,0,0,0,38.8888888888889,0,0,0,0,0,0
109,縣市立,實用技能學程,電機與電子群,91,0,0,12,0,0,3,1,0,3,0,0,0,6,4,0,0,0,0,0,31.8681318681319,0,0,13.1868131868132,0,0,3.2967032967033,1.0989010989011,0,3.2967032967033,0,0,0,6.59340659340659,4.3956043956044,0,0,0,0,0
109,縣市立,實用技能學程,土木與建築群,7,0,0,0,0,0,1,0,0,0,0,0,0,1,0,0,0,0,0,0,28.5714285714286,0,0,0,0,0,14.2857142857143,0,0,0,0,0,0,14.2857142857143,0,0,0,0,0,0
109,縣市立,實用技能學程,商業與管理群,31,0,0,0,0,0,0,0,0,1,0,1,0,0,0,2,0,0,0,1,16.1290322580645,0,0,0,0,0,0,0,0,3.2258064516129,0,3.2258064516129,0,0,0,6.45161290322581,0,0,0,3.2258064516129
109,縣市立,實用技能學程,設計群,21,0,0,3,0,0,1,0,0,1,0,0,0,2,0,0,0,0,0,2,42.8571428571429,0,0,14.2857142857143,0,0,4.76190476190476,0,0,4.76190476190476,0,0,0,9.52380952380952,0,0,0,0,0,9.52380952380952
109,縣市立,實用技能學程,食品群,17,0,0,0,0,0,0,0,0,4,0,0,0,0,0,0,0,0,0,0,23.5294117647059,0,0,0,0,0,0,0,0,23.5294117647059,0,0,0,0,0,0,0,0,0,0
109,縣市立,實用技能學程,餐旅群,66,0,0,1,0,0,0,0,0,11,0,0,1,2,0,1,0,0,1,0,25.7575757575758,0,0,1.51515151515152,0,0,0,0,0,16.6666666666667,0,0,1.51515151515152,3.03030303030303,0,1.51515151515152,0,0,1.51515151515152,0
109,縣市立,進修部,學術群,292,3,0,32,0,0,12,9,6,19,0,3,2,3,9,3,1,3,10,28,48.972602739726,1.02739726027397,0,10.958904109589,0,0,4.10958904109589,3.08219178082192,2.05479452054795,6.50684931506849,0,1.02739726027397,0.684931506849315,1.02739726027397,3.08219178082192,1.02739726027397,0.342465753424658,1.02739726027397,3.42465753424658,9.58904109589041
109,縣市立,進修部,機械群,196,1,0,17,3,1,4,8,4,16,0,1,1,13,2,0,0,0,8,3,41.8367346938776,0.510204081632653,0,8.6734693877551,1.53061224489796,0.510204081632653,2.04081632653061,4.08163265306122,2.04081632653061,8.16326530612245,0,0.510204081632653,0.510204081632653,6.63265306122449,1.02040816326531,0,0,0,4.08163265306122,1.53061224489796
109,縣市立,進修部,動力機械群,131,1,0,5,0,0,4,3,1,6,0,0,0,16,2,0,0,1,5,1,34.3511450381679,0.763358778625954,0,3.81679389312977,0,0,3.05343511450382,2.29007633587786,0.763358778625954,4.58015267175572,0,0,0,12.2137404580153,1.52671755725191,0,0,0.763358778625954,3.81679389312977,0.763358778625954
109,縣市立,進修部,電機與電子群,203,1,0,7,4,0,5,9,2,10,0,0,0,7,2,1,0,0,8,2,28.5714285714286,0.492610837438424,0,3.44827586206897,1.97044334975369,0,2.46305418719212,4.43349753694581,0.985221674876847,4.92610837438424,0,0,0,3.44827586206897,0.985221674876847,0.492610837438424,0,0,3.94088669950739,0.985221674876847
109,縣市立,進修部,化工群,21,0,0,1,0,0,0,1,0,5,0,0,0,0,1,0,0,0,2,0,47.6190476190476,0,0,4.76190476190476,0,0,0,4.76190476190476,0,23.8095238095238,0,0,0,0,4.76190476190476,0,0,0,9.52380952380952,0
109,縣市立,進修部,土木與建築群,39,0,0,0,0,0,4,2,1,1,0,0,0,2,0,1,0,0,1,0,30.7692307692308,0,0,0,0,0,10.2564102564103,5.12820512820513,2.56410256410256,2.56410256410256,0,0,0,5.12820512820513,0,2.56410256410256,0,0,2.56410256410256,0
109,縣市立,進修部,商業與管理群,266,1,0,9,1,0,4,10,4,15,0,4,2,3,1,2,1,0,6,10,27.4436090225564,0.37593984962406,0,3.38345864661654,0.37593984962406,0,1.50375939849624,3.7593984962406,1.50375939849624,5.6390977443609,0,1.50375939849624,0.75187969924812,1.12781954887218,0.37593984962406,0.75187969924812,0.37593984962406,0,2.25563909774436,3.7593984962406
109,縣市立,進修部,外語群,22,0,0,0,0,0,0,0,0,0,0,0,0,0,0,0,0,0,0,4,18.1818181818182,0,0,0,0,0,0,0,0,0,0,0,0,0,0,0,0,0,0,18.1818181818182
109,縣市立,進修部,設計群,54,0,0,0,1,0,0,2,1,3,0,0,0,1,1,0,0,0,5,3,31.4814814814815,0,0,0,1.85185185185185,0,0,3.7037037037037,1.85185185185185,5.55555555555556,0,0,0,1.85185185185185,1.85185185185185,0,0,0,9.25925925925926,5.55555555555556
109,縣市立,進修部,食品群,30,2,1,2,0,0,1,2,0,6,0,1,1,0,2,0,0,2,2,0,73.3333333333333,6.66666666666667,3.33333333333333,6.66666666666667,0,0,3.33333333333333,6.66666666666667,0,20,0,3.33333333333333,3.33333333333333,0,6.66666666666667,0,0,6.66666666666667,6.66666666666667,0
109,縣市立,進修部,家政群,7,0,0,1,0,0,0,0,0,0,0,0,0,0,0,0,0,0,0,0,14.2857142857143,0,0,14.2857142857143,0,0,0,0,0,0,0,0,0,0,0,0,0,0,0,0
109,縣市立,進修部,餐旅群,26,0,0,0,0,0,0,1,0,5,0,0,0,0,0,2,0,2,0,0,38.4615384615385,0,0,0,0,0,0,3.84615384615385,0,19.2307692307692,0,0,0,0,0,7.69230769230769,0,7.69230769230769,0,0
109,私立,普通科,學術群,22119,10,0,8,0,0,5,10,3,30,2,3,0,2,12,67,0,2,11,18,0.82734300827343,0.0452100004521,0,0.03616800036168,0,0,0.02260500022605,0.0452100004521,0.01356300013563,0.1356300013563,0.00904200009042,0.01356300013563,0,0.00904200009042,0.05425200054252,0.30290700302907,0,0.00904200009042,0.04973100049731,0.08137800081378
109,私立,專業群科,機械群,1312,4,2,105,1,2,57,14,3,16,0,0,0,10,10,41,0,0,0,5,20.5792682926829,0.304878048780488,0.152439024390244,8.00304878048781,0.076219512195122,0.152439024390244,4.34451219512195,1.06707317073171,0.228658536585366,1.21951219512195,0,0,0,0.76219512195122,0.76219512195122,3.125,0,0,0,0.38109756097561
109,私立,專業群科,動力機械群,3020,26,4,164,7,17,59,39,61,69,0,0,0,187,20,188,0,2,10,56,30.0993377483444,0.860927152317881,0.132450331125828,5.43046357615894,0.231788079470199,0.562913907284768,1.95364238410596,1.29139072847682,2.01986754966887,2.28476821192053,0,0,0,6.19205298013245,0.662251655629139,6.22516556291391,0,0.0662251655629139,0.33112582781457,1.85430463576159
109,私立,專業群科,電機與電子群,5356,14,1,141,18,1,44,31,27,52,8,0,1,68,29,78,0,2,18,52,10.9223300970874,0.261389096340553,0.0186706497386109,2.63256161314414,0.336071695294996,0.0186706497386109,0.82150858849888,0.578790141896938,0.504107542942494,0.970873786407767,0.149365197908887,0,0.0186706497386109,1.26960418222554,0.541448842419716,1.45631067961165,0,0.0373412994772218,0.336071695294996,0.970873786407767
109,私立,專業群科,土木與建築群,102,0,0,0,1,0,4,0,0,2,0,0,0,2,0,0,0,0,0,2,10.7843137254902,0,0,0,0.980392156862745,0,3.92156862745098,0,0,1.96078431372549,0,0,0,1.96078431372549,0,0,0,0,0,1.96078431372549
109,私立,專業群科,商業與管理群,5425,53,0,36,7,1,15,51,13,90,23,7,0,7,26,92,1,3,9,54,8.99539170506912,0.976958525345622,0,0.663594470046083,0.129032258064516,0.0184331797235023,0.276497695852535,0.940092165898618,0.23963133640553,1.65898617511521,0.423963133640553,0.129032258064516,0,0.129032258064516,0.47926267281106,1.69585253456221,0.0184331797235023,0.0552995391705069,0.165898617511521,0.995391705069124
109,私立,專業群科,外語群,3737,2,0,13,0,0,5,10,4,28,1,0,0,1,7,26,1,0,8,20,3.37168852020337,0.0535188654000535,0,0.347872625100348,0,0,0.133797163500134,0.267594327000268,0.107037730800107,0.749264115600749,0.0267594327000268,0,0,0.0267594327000268,0.187316028900187,0.695745250200696,0.0267594327000268,0,0.214075461600214,0.535188654000535
109,私立,專業群科,設計群,4090,6,3,16,1,1,22,20,4,58,5,0,0,13,16,31,1,2,31,21,6.13691931540342,0.146699266503667,0.0733496332518337,0.39119804400978,0.0244498777506112,0.0244498777506112,0.537897310513447,0.488997555012225,0.097799511002445,1.41809290953545,0.122249388753056,0,0,0.317848410757946,0.39119804400978,0.757946210268949,0.0244498777506112,0.0488997555012225,0.757946210268949,0.513447432762836
109,私立,專業群科,農業群,60,3,0,0,0,0,0,0,0,2,0,0,0,0,0,0,0,1,1,0,11.6666666666667,5,0,0,0,0,0,0,0,3.33333333333333,0,0,0,0,0,0,0,1.66666666666667,1.66666666666667,0
109,私立,專業群科,食品群,103,2,0,3,0,0,2,1,1,10,0,0,0,0,0,1,0,0,5,4,28.1553398058252,1.94174757281553,0,2.9126213592233,0,0,1.94174757281553,0.970873786407767,0.970873786407767,9.70873786407767,0,0,0,0,0,0.970873786407767,0,0,4.85436893203883,3.88349514563107
109,私立,專業群科,家政群,3947,4,0,44,1,1,2,37,6,125,5,1,1,207,66,39,17,37,93,241,23.4861920445908,0.101342791993919,0,1.11477071193311,0.0253356979984799,0.0253356979984799,0.0506713959969597,0.937420825943755,0.152014187990879,3.16696224980998,0.126678489992399,0.0253356979984799,0.0253356979984799,5.24448948568533,1.67215606789967,0.988092221940714,0.430706865974158,0.937420825943755,2.35621991385863,6.10590321763365
109,私立,專業群科,餐旅群,10698,37,6,188,34,2,55,142,68,1210,18,1,1,39,57,258,0,9,51,161,21.845204711161,0.345859039072724,0.0560852495793606,1.7573378201533,0.317816414283044,0.0186950831931202,0.514114787810806,1.32735090671154,0.635632828566087,11.3105253318377,0.168255748738082,0.0093475415965601,0.0093475415965601,0.364554122265844,0.532809871003926,2.41166573191251,0,0.0841278743690409,0.476724621424565,1.50495419704618
109,私立,專業群科,海事群,22,0,0,0,0,0,0,0,0,0,0,0,0,0,0,0,0,0,0,0,0,0,0,0,0,0,0,0,0,0,0,0,0,0,0,0,0,0,0,0
109,私立,專業群科,藝術群,2245,4,1,8,0,0,9,15,8,60,2,0,0,7,4,26,1,0,34,31,9.35412026726058,0.178173719376392,0.044543429844098,0.356347438752784,0,0,0.400890868596882,0.66815144766147,0.356347438752784,2.67260579064588,0.089086859688196,0,0,0.311804008908686,0.178173719376392,1.15812917594655,0.044543429844098,0,1.51447661469933,1.38084632516704
109,私立,專業群科,綜合,320,4,0,6,2,0,4,13,5,41,0,0,0,9,22,0,0,2,0,38,45.625,1.25,0,1.875,0.625,0,1.25,4.0625,1.5625,12.8125,0,0,0,2.8125,6.875,0,0,0.625,0,11.875
109,私立,綜合高中,學術群,904,0,0,1,0,0,0,1,2,9,1,0,2,0,1,0,0,0,6,4,2.98672566371681,0,0,0.110619469026549,0,0,0,0.110619469026549,0.221238938053097,0.995575221238938,0.110619469026549,0,0.221238938053097,0,0.110619469026549,0,0,0,0.663716814159292,0.442477876106195
109,私立,綜合高中,電機與電子群,222,1,0,1,4,2,2,0,0,4,0,0,0,1,1,28,0,0,2,2,21.6216216216216,0.45045045045045,0,0.45045045045045,1.8018018018018,0.900900900900901,0.900900900900901,0,0,1.8018018018018,0,0,0,0.45045045045045,0.45045045045045,12.6126126126126,0,0,0.900900900900901,0.900900900900901
109,私立,綜合高中,化工群,153,0,0,0,0,0,0,0,0,0,0,0,0,0,0,0,0,0,0,0,0,0,0,0,0,0,0,0,0,0,0,0,0,0,0,0,0,0,0,0
109,私立,綜合高中,商業與管理群,382,2,0,1,0,0,2,2,1,6,0,0,0,0,0,17,0,0,3,11,11.7801047120419,0.523560209424084,0,0.261780104712042,0,0,0.523560209424084,0.523560209424084,0.261780104712042,1.57068062827225,0,0,0,0,0,4.45026178010471,0,0,0.785340314136126,2.87958115183246
109,私立,綜合高中,外語群,270,0,0,0,0,0,0,0,0,2,1,0,0,1,3,7,0,1,0,1,5.92592592592593,0,0,0,0,0,0,0,0,0.740740740740741,0.37037037037037,0,0,0.37037037037037,1.11111111111111,2.59259259259259,0,0.37037037037037,0,0.37037037037037
109,私立,綜合高中,設計群,99,0,0,0,0,0,1,0,0,2,0,0,0,0,0,2,0,0,0,4,9.09090909090909,0,0,0,0,0,1.01010101010101,0,0,2.02020202020202,0,0,0,0,0,2.02020202020202,0,0,0,4.04040404040404
109,私立,綜合高中,家政群,171,2,0,0,0,0,0,0,0,5,0,0,0,0,2,2,1,0,1,7,11.6959064327485,1.16959064327485,0,0,0,0,0,0,0,2.92397660818713,0,0,0,0,1.16959064327485,1.16959064327485,0.584795321637427,0,0.584795321637427,4.09356725146199
109,私立,綜合高中,餐旅群,421,0,0,2,0,0,0,5,3,17,1,0,0,2,2,23,0,0,4,1,14.2517814726841,0,0,0.475059382422803,0,0,0,1.18764845605701,0.712589073634204,4.03800475059382,0.237529691211401,0,0,0.475059382422803,0.475059382422803,5.46318289786223,0,0,0.950118764845606,0.237529691211401
109,私立,綜合高中,綜合,20,0,0,0,0,0,0,0,0,2,0,0,0,0,0,5,0,0,0,0,35,0,0,0,0,0,0,0,0,10,0,0,0,0,0,25,0,0,0,0
109,私立,實用技能學程,機械群,79,0,0,26,0,0,1,4,0,3,0,0,0,0,0,3,0,0,0,1,48.1012658227848,0,0,32.9113924050633,0,0,1.26582278481013,5.06329113924051,0,3.79746835443038,0,0,0,0,0,3.79746835443038,0,0,0,1.26582278481013
109,私立,實用技能學程,動力機械群,926,29,2,85,4,4,41,19,30,34,1,0,0,119,19,28,0,1,2,21,47.4082073434125,3.1317494600432,0.215982721382289,9.1792656587473,0.431965442764579,0.431965442764579,4.42764578833693,2.05183585313175,3.23974082073434,3.67170626349892,0.107991360691145,0,0,12.8509719222462,2.05183585313175,3.02375809935205,0,0.107991360691145,0.215982721382289,2.26781857451404
109,私立,實用技能學程,電機與電子群,628,9,0,30,20,2,46,11,4,15,0,0,0,45,2,13,0,1,10,16,35.6687898089172,1.43312101910828,0,4.77707006369427,3.18471337579618,0.318471337579618,7.32484076433121,1.7515923566879,0.636942675159236,2.38853503184713,0,0,0,7.1656050955414,0.318471337579618,2.07006369426752,0,0.159235668789809,1.59235668789809,2.54777070063694
109,私立,實用技能學程,商業與管理群,383,0,0,9,2,0,6,15,1,15,1,0,1,0,0,2,0,1,2,8,16.4490861618799,0,0,2.34986945169713,0.522193211488251,0,1.56657963446475,3.91644908616188,0.261096605744125,3.91644908616188,0.261096605744125,0,0.261096605744125,0,0,0.522193211488251,0,0.261096605744125,0.522193211488251,2.088772845953
109,私立,實用技能學程,農業群,68,0,0,2,0,0,1,0,1,5,0,0,0,0,0,0,0,2,0,7,26.4705882352941,0,0,2.94117647058824,0,0,1.47058823529412,0,1.47058823529412,7.35294117647059,0,0,0,0,0,0,0,2.94117647058824,0,10.2941176470588
109,私立,實用技能學程,食品群,236,0,2,4,1,0,0,3,2,42,0,0,0,1,5,9,0,1,0,5,31.7796610169492,0,0.847457627118644,1.69491525423729,0.423728813559322,0,0,1.27118644067797,0.847457627118644,17.7966101694915,0,0,0,0.423728813559322,2.11864406779661,3.8135593220339,0,0.423728813559322,0,2.11864406779661
109,私立,實用技能學程,餐旅群,2474,19,3,97,9,0,36,71,38,508,4,1,2,21,16,80,1,4,17,65,40.0970088924818,0.767987065481002,0.121261115602264,3.92077607113985,0.363783346806791,0,1.45513338722716,2.8698464025869,1.535974130962,20.53354890865,0.161681487469685,0.0404203718674212,0.0808407437348424,0.848827809215845,0.646725949878739,3.23362974939369,0.0404203718674212,0.161681487469685,0.68714632174616,2.62732417138238
109,私立,實用技能學程,藝術群,110,0,0,0,0,0,0,1,0,7,0,0,0,1,0,0,0,0,4,3,14.5454545454545,0,0,0,0,0,0,0.909090909090909,0,6.36363636363636,0,0,0,0.909090909090909,0,0,0,0,3.63636363636364,2.72727272727273
109,私立,實用技能學程,美容造型群,727,3,3,7,0,0,1,29,9,60,1,1,0,48,4,6,0,1,22,139,45.9422283356259,0.412654745529574,0.412654745529574,0.962861072902338,0,0,0.137551581843191,3.98899587345254,1.23796423658872,8.25309491059147,0.137551581843191,0.137551581843191,0,6.60247592847318,0.550206327372765,0.825309491059147,0,0.137551581843191,3.02613480055021,19.1196698762036
109,私立,進修部,學術群,127,6,4,1,0,0,12,8,0,0,0,0,0,0,0,2,0,0,0,0,25.9842519685039,4.7244094488189,3.1496062992126,0.78740157480315,0,0,9.44881889763779,6.2992125984252,0,0,0,0,0,0,0,1.5748031496063,0,0,0,0
109,私立,進修部,機械群,59,0,0,15,0,0,3,3,2,2,0,0,0,4,0,5,0,0,3,0,62.7118644067797,0,0,25.4237288135593,0,0,5.08474576271187,5.08474576271187,3.38983050847458,3.38983050847458,0,0,0,6.77966101694915,0,8.47457627118644,0,0,5.08474576271187,0
109,私立,進修部,動力機械群,350,5,0,48,1,0,17,27,34,33,0,0,0,30,8,2,0,0,7,31,69.4285714285714,1.42857142857143,0,13.7142857142857,0.285714285714286,0,4.85714285714286,7.71428571428571,9.71428571428571,9.42857142857143,0,0,0,8.57142857142857,2.28571428571429,0.571428571428571,0,0,2,8.85714285714286
109,私立,進修部,電機與電子群,190,2,1,24,1,0,17,9,12,21,0,2,2,4,8,0,1,0,3,19,66.3157894736842,1.05263157894737,0.526315789473684,12.6315789473684,0.526315789473684,0,8.94736842105263,4.73684210526316,6.31578947368421,11.0526315789474,0,1.05263157894737,1.05263157894737,2.10526315789474,4.21052631578947,0,0.526315789473684,0,1.57894736842105,10
109,私立,進修部,商業與管理群,1123,9,7,79,9,1,27,73,56,94,13,18,12,27,67,10,7,4,47,99,58.6821015138023,0.801424755120214,0.6233303650935,7.03472840605521,0.801424755120214,0.0890471950133571,2.40427426536064,6.50044523597507,4.986642920748,8.37043633125557,1.15761353517364,1.60284951024043,1.06856634016029,2.40427426536064,5.96616206589492,0.890471950133571,0.6233303650935,0.356188780053428,4.18521816562778,8.81567230632235
109,私立,進修部,外語群,133,1,0,5,1,0,2,9,1,11,0,0,2,0,5,0,0,1,5,15,43.609022556391,0.75187969924812,0,3.7593984962406,0.75187969924812,0,1.50375939849624,6.76691729323308,0.75187969924812,8.27067669172932,0,0,1.50375939849624,0,3.7593984962406,0,0,0.75187969924812,3.7593984962406,11.2781954887218
109,私立,進修部,設計群,282,0,0,12,0,1,10,13,11,19,7,8,6,6,6,3,2,7,6,28,51.4184397163121,0,0,4.25531914893617,0,0.354609929078014,3.54609929078014,4.60992907801418,3.90070921985816,6.73758865248227,2.4822695035461,2.83687943262411,2.12765957446809,2.12765957446809,2.12765957446809,1.06382978723404,0.709219858156028,2.4822695035461,2.12765957446809,9.9290780141844
109,私立,進修部,家政群,766,2,0,7,1,0,3,23,11,47,0,1,0,73,35,0,0,1,92,123,54.6997389033943,0.261096605744125,0,0.913838120104439,0.130548302872063,0,0.391644908616188,3.00261096605744,1.43603133159269,6.13577023498695,0,0.130548302872063,0,9.53002610966058,4.56919060052219,0,0,0.130548302872063,12.0104438642298,16.0574412532637
109,私立,進修部,餐旅群,2529,38,4,162,7,1,79,163,106,493,17,20,19,30,80,44,9,22,106,206,63.5033610122578,1.50257018584421,0.158165282720443,6.40569395017794,0.276789244760775,0.0395413206801107,3.12376433372875,6.44523527085805,4.19137999209174,19.4938710952946,0.672202451561882,0.790826413602214,0.751285092922104,1.18623962040332,3.16330565440886,1.73981810992487,0.355871886120996,0.869909054962436,4.19137999209174,8.14551206010281
109,私立,進修部,藝術群,104,1,0,4,1,1,4,14,8,7,2,1,1,6,1,0,0,0,7,2,57.6923076923077,0.961538461538462,0,3.84615384615385,0.961538461538462,0.961538461538462,3.84615384615385,13.4615384615385,7.69230769230769,6.73076923076923,1.92307692307692,0.961538461538462,0.961538461538462,5.76923076923077,0.961538461538462,0,0,0,6.73076923076923,1.92307692307692
